{
    "eval_loss": 0.4059744366775637,
    "perplexity": 1.500764187448829,
    "BLEU": 11.940229962745542,
    "ROUGE": {
        "rouge1": 0.3193031654962821,
        "rouge2": 0.16892181837151987,
        "rougeL": 0.2923343815169223
    },
    "BERTScore": {
        "precision": 0.8935237884521484,
        "recall": 0.8898321613669395,
        "f1": 0.8914935573935509
    }
}